-- INSERTS: atletas
INSERT INTO atletas (idAtleta, nombre, apellido, nombreEquipo, sexo, apodo, edad, alturaMetros, deporte, estado, ciudad, numeroTemporadas)
VALUES
  (1, 'Cesar', 'Villaluz', 'Rojo', 'M', NULL, 37, NULL, 'Futbol', NULL, NULL, 0),
  (2, 'Edna', 'Carrillo', 'Rojo', 'F', NULL, 33, NULL, 'Judo', 'Jalisco', 'Guadalajara', 0),
  (3, 'Luis', 'Ferreiro', 'Rojo', 'M', NULL, 23, NULL, 'Atletismo', 'Morelos', 'Cuautla', 0),
  (4, 'Karol', 'Rojas', 'Rojo', 'F', NULL, 20, NULL, 'Futbol bandera', 'Guanajuato', 'León', 0),
  (5, 'William', 'Arroyo', 'Rojo', 'M', NULL, 22, NULL, 'Taekwondo', 'Oaxaca', 'Tuxtepec', 0),
  (6, 'Thaylí', 'Suárez', 'Rojo', 'F', NULL, 23, NULL, 'Entrenamiento Funcional', 'Sinaloa', 'Culiacán', 0),
  (7, 'Ella', 'Bucio', 'Rojo', 'F', NULL, 28, NULL, 'Parkour', 'Ciudad de México', NULL, 0),
  (8, 'Benyamin', 'Saracho', 'Rojo', 'M', NULL, 21, NULL, 'Gimnasia', 'Sonora', 'Hermosillo', 0),
  (9, 'Alexis', 'Vargas', 'Azul', 'M', 'Hirochi', 21, NULL, 'Artes marciales mixtas', 'Jalisco', 'Barra de Navidad', 0),
  (10, 'Andrea', 'Alvarez', 'Azul', 'F', NULL, 33, NULL, 'Voleibol de playa', 'Sinaloa', 'Mazatlán', 0),
  (11, 'Antonio', 'Flores', 'Azul', 'M', NULL, 26, NULL, 'Futbol', 'Estado de México', 'Cuautitlán Izcalli', 0),
  (12, 'Paola', 'Peña', 'Azul', 'F', NULL, 37, NULL, 'Entrenamiento Funcional', 'Honduras', 'Tocoa', 0),
  (13, 'Alejandro', 'Aguilera', 'Azul', 'M', NULL, 27, NULL, 'Futbol americano', 'Jalisco', 'Guadalajara', 0),
  (14, 'Karen', 'Nuñez', 'Azul', 'F', NULL, 22, NULL, 'Crosfit', 'Jalisco', 'Guadalajara', 0),
  (15, 'Alex', 'Sotelo', 'Azul', 'M', NULL, 32, NULL, 'Boxeo', 'Nuevo León', 'Monterrey', 0),
  (16, 'Katia', 'Gallegos', 'Azul', 'F', NULL, NULL, NULL, 'Basquetbol', 'Chihuahua', 'Ciudad Juárez El paso', 0),
  (17, 'Humberto', 'Noriega', 'Rojo', 'M', 'Prime Time', 33, 1.9, 'Fultbol bandera', 'Baja California', 'Tijuana', 1),
  (18, 'Paulete', 'Gallardo', 'Rojo', 'F', 'Toro Miura Sangre Brava', 33, NULL, 'Entrenamiento Funcional', 'Baja California', 'Tijuana', 2),
  (19, 'Mario', 'Osuna', 'Rojo', 'M', 'The Showman, Mono', 36, NULL, 'Futbol', 'Sinaloa', NULL, 1),
  (20, 'Matí', 'Alvarez', 'Rojo', 'F', 'Terminator', 29, NULL, 'Heptatlón', 'Puebla', NULL, 5),
  (21, 'Doris', 'Del Moral', 'Azul', 'F', 'Brave Heart, Power, Bulldocer', 30, NULL, 'Patinaje de velocidad', 'Tabasco', 'Villa Hermosa', 5),
  (22, 'Ernesto', 'Cazares', 'Azul', 'M', 'El niño maravilla', 26, NULL, 'Parkour', 'Veracruz', NULL, 4),
  (23, 'Evelyn', 'Guijarro', 'Azul', 'F', 'Sniper', 28, NULL, 'Lanzamiento de jabalina', 'Jalisco', NULL, 5),
  (24, 'Koke', 'Guerrero', 'Azul', 'M', 'The Wizard', 28, NULL, 'Porrismo', 'Sinaloa', 'Culiacán', 4),
  (25, 'Adrian', 'Leo', 'Azul', 'M', 'Fastball, Mufasa', 27, NULL, 'Beisbol', NULL, NULL, 1),
  (26, 'Aristeo', 'Cazares', 'Rojo', 'M', 'El Aguileon', 30, NULL, 'Parkour', 'Veracruz', NULL, 3),
  (27, 'Valery', 'Carranza', 'Azul', 'F', 'Touchdown, Melena Azul', 30, NULL, 'Futbol bandera', 'Coahuila', 'Torreón', 2);

-- INSERTS: circuitos
INSERT INTO circuitos (idCircuito, nombreNarrado, nombreCircuito)
VALUES
  (1, NULL, 'Gear up'),
  (2, 'In Ball', 'In Ball'),
  (3, 'Exatlón city', 'Under Construction'),
  (4, 'Caja de pandora', NULL),
  (5, NULL, 'Exa-Run'),
  (6, 'Circuito de los contenedores', 'Exatrain'),
  (7, 'Aterrizaje envuelto en llamas', 'Gas Station'),
  (8, 'Circuito de Fuerza', 'Exa Cross'),
  (9, 'Mina sin limites', 'Exalimitless'),
  (10, 'Doble vida', NULL),
  (11, 'ExaPixel', 'ExaP?🎶X'),
  (12, NULL, 'Slip Pery'),
  (13, 'Circuito de Lodo', 'Sludge Run'),
  (14, 'Circuito del fin del mundo', 'Exa⭐'),
  (15, NULL, 'Exa Dash'),
  (16, 'Deshuesadero', NULL),
  (17, 'Circuito del submarino', NULL),
  (18, 'Exatlón Circus', 'Circus');

-- INSERTS: juegos
INSERT INTO juegos (idJuego, nombre, fecha, idCircuito, programa)
VALUES
  (1, 'Juego por la ventaja', '2025-09-29', 1, 1),
  (2, 'Por la villa 360', '2025-09-29', 2, 1),
  (3, 'Zona del preligro', '2025-09-30', 3, 2),
  (4, 'Duelo de los enigmas', '2025-09-30', 4, 2),
  (5, 'Contrareloj femenil', '2025-10-01', 5, 3),
  (6, 'Batalla colosal', '2025-10-01', 6, 3),
  (7, 'Contrareloj varonil', '2025-10-02', 5, 4),
  (8, 'Por la villa 360', '2025-10-02', 7, 4),
  (9, 'Supervivencia I', '2025-10-03', 8, 5),
  (10, 'Supervivencia II', '2025-10-03', 9, 5),
  (11, 'Supervivencia III', '2025-10-05', 10, 6),
  (12, 'Eliminación', '2025-10-05', 11, 6),
  (13, 'Juego por la ventaja', '2025-10-06', 12, 7),
  (14, 'Por la villa 360', '2025-10-06', 3, 7),
  (15, 'Zona del preligro', '2025-10-07', 13, 8),
  (16, 'Duelo de los enigmas', '2025-10-07', 7, 8),
  (17, 'Contrareloj varonil', '2025-10-08', 15, 9),
  (18, 'Batalla colosal', '2025-10-08', 16, 9),
  (19, 'Contrareloj femenil', '2025-10-09', 6, 10),
  (20, 'Por la villa 360', '2025-10-09', 17, 10),
  (21, 'Supervivencia I', '2025-10-10', 1, 11),
  (22, 'Supervivencia II', '2025-10-10', 18, 11),
  (23, 'Supervivencia III', '2025-10-12', 11, 12),
  (24, 'Juego por la ventaja', '2025-10-12', 11, 12),
  (25, 'Eliminación', '2025-10-12', 4, 12),
  (26, 'Juego por la ventaja', '2025-10-13', 5, 13),
  (27, 'Por la villa 360', '2025-10-13', 6, 13),
  (28, 'Zona del preligro', '2025-10-14', 8, 14),
  (29, 'Duelo de los enigmas', '2025-10-14', 16, 14),
  (30, 'Contrareloj femenil', '2025-10-15', 1, 15),
  (31, 'Batalla colosal', '2025-10-15', 7, 15);

-- INSERTS: enfrentamientos
INSERT INTO enfrentamientos (idJuego, numero, tiradorGanador, tiradorPerdedor)
VALUES
  (1, 1, 24, 19),
  (1, 2, 10, 20),
  (1, 3, 17, 11),
  (1, 4, 16, 18),
  (1, 5, 1, 9),
  (1, 6, 21, 4),
  (1, 7, 11, 1),
  (1, 8, 20, 16),
  (1, 9, 19, 9),
  (1, 10, 10, 4),
  (1, 11, 17, 24),
  (1, 12, 21, 18),
  (2, 1, 17, 22),
  (2, 2, 23, 7),
  (2, 3, 19, 11),
  (2, 4, 18, 12),
  (2, 5, 24, 8),
  (2, 6, 21, 4),
  (2, 7, 3, 9),
  (2, 8, 20, 16),
  (2, 9, 11, 1),
  (2, 10, 10, 2),
  (2, 11, 24, 5),
  (2, 12, 20, 14),
  (2, 13, 17, 15),
  (2, 14, 21, 6),
  (2, 15, 19, 13),
  (2, 16, 23, 18),
  (2, 17, 24, 17),
  (2, 18, 23, 20),
  (3, 1, 5, 17),
  (3, 2, 1, 3),
  (3, 3, 8, 9),
  (3, 4, 19, 15),
  (3, 5, 22, 13),
  (3, 6, 24, 11),
  (3, 7, 3, 17),
  (3, 8, 15, 9),
  (3, 9, 13, 11),
  (3, 10, 11, 9),
  (3, 11, 17, 11),
  (3, 12, 17, 9),
  (4, 1, 9, 5),
  (4, 2, 18, 10),
  (4, 3, 24, 1),
  (4, 4, 12, 7),
  (4, 5, 17, 13),
  (4, 6, 21, 6),
  (4, 7, 15, 8),
  (4, 8, 23, 2),
  (4, 9, 19, 22),
  (4, 10, 20, 16),
  (4, 11, 13, 5),
  (4, 12, 18, 14),
  (4, 13, 1, 11),
  (4, 14, 4, 12),
  (4, 15, 24, 3),
  (4, 16, 21, 7),
  (4, 17, 24, 17),
  (6, 1, 22, 8),
  (6, 2, 6, 14),
  (6, 3, 17, 15),
  (6, 4, 23, 18),
  (6, 5, 13, 3),
  (6, 6, 21, 20),
  (6, 7, 11, 19),
  (6, 8, 12, 2),
  (6, 9, 9, 19),
  (6, 10, 20, 16),
  (6, 11, 11, 1),
  (6, 12, 10, 18),
  (6, 13, 5, 13),
  (6, 14, 12, 7),
  (8, 1, 22, 19),
  (8, 2, 4, 16),
  (8, 3, 9, 8),
  (8, 4, 18, 12),
  (8, 5, 17, 13),
  (8, 6, 23, 7),
  (8, 7, 3, 24),
  (8, 8, 20, 21),
  (8, 9, 24, 1),
  (8, 10, 21, 2),
  (8, 11, 17, 15),
  (8, 12, 23, 6),
  (8, 13, 3, 11),
  (8, 14, 10, 18),
  (8, 15, 9, 5),
  (8, 16, 20, 14),
  (8, 17, 24, 17),
  (8, 18, 20, 21),
  (8, 19, 9, 19),
  (9, 1, 24, 19),
  (9, 2, 16, 4),
  (9, 3, 17, 22),
  (9, 4, 20, 21),
  (9, 5, 13, 8),
  (9, 6, 23, 18),
  (9, 7, 1, 9),
  (9, 8, 12, 7),
  (9, 9, 3, 15),
  (9, 10, 6, 10),
  (9, 11, 24, 5),
  (9, 12, 18, 12),
  (9, 13, 19, 9),
  (9, 14, 14, 2),
  (9, 15, 1, 11),
  (9, 16, 23, 20),
  (9, 17, 24, 1),
  (9, 18, 18, 12),
  (9, 19, 19, 9),
  (10, 1, 3, 22),
  (10, 2, 23, 18),
  (10, 3, 1, 13),
  (10, 4, 16, 7),
  (10, 5, 17, 24),
  (10, 6, 4, 12),
  (10, 7, 19, 9),
  (10, 8, 21, 20),
  (10, 9, 24, 5),
  (10, 10, 2, 10),
  (10, 11, 11, 8),
  (10, 12, 23, 4),
  (10, 13, 22, 19),
  (10, 14, 21, 6),
  (10, 15, 17, 15),
  (10, 16, 20, 14),
  (10, 17, 19, 24),
  (10, 18, 21, 20),
  (10, 19, 23, 17),
  (11, 1, 13, 3),
  (11, 2, 6, 16),
  (11, 3, 9, 8),
  (11, 4, 4, 21),
  (11, 5, 5, 15),
  (11, 6, 12, 2),
  (11, 7, 17, 24),
  (11, 8, 18, 23),
  (11, 9, 22, 1),
  (11, 10, 14, 7),
  (11, 11, 8, 11),
  (11, 12, 2, 16),
  (11, 13, 9, 5),
  (11, 14, 21, 6),
  (11, 15, 24, 19),
  (11, 16, 20, 10),
  (11, 17, 24, 8),
  (11, 18, 21, 4),
  (12, 1, 5, 8),
  (12, 2, 9, 15),
  (12, 3, 5, 8),
  (12, 4, 9, 15),
  (12, 5, 5, 8),
  (12, 6, 9, 15),
  (12, 7, 8, 15),
  (12, 8, 15, 8),
  (12, 9, 8, 15),
  (12, 10, 8, 15),
  (12, 11, 15, 8),
  (12, 12, 15, 8),
  (12, 13, 8, 15),
  (12, 14, 8, 15),
  (12, 15, 8, 15),
  (12, 16, 8, 15),
  (27, 1, 9, 26),
  (27, 2, 14, 18),
  (27, 3, 17, 13),
  (27, 4, 16, 2),
  (27, 5, 19, 24),
  (27, 6, 20, 23),
  (27, 7, 1, 11),
  (27, 8, 16, 2),
  (27, 9, 22, 8),
  (27, 10, 14, 4),
  (27, 11, 5, 25),
  (27, 12, 12, 7),
  (27, 13, 9, 19),
  (13, 1, 24, 19),
  (13, 2, 16, 4),
  (13, 3, 17, 22),
  (13, 4, 12, 20),
  (13, 5, 9, 3),
  (13, 6, 18, 14),
  (13, 7, 24, 17),
  (13, 8, 4, 14),
  (13, 9, 3, 22),
  (13, 10, 18, 12),
  (13, 11, 19, 9),
  (13, 12, 16, 4),
  (13, 13, 16, 19),
  (14, 1, 19, 25),
  (14, 2, 23, 2),
  (14, 3, 17, 9),
  (14, 4, 4, 12),
  (14, 5, 26, 22),
  (14, 6, 18, 10),
  (14, 7, 24, 3),
  (14, 8, 20, 21),
  (14, 9, 8, 11),
  (14, 10, 23, 6),
  (14, 11, 9, 5),
  (14, 12, 7, 14),
  (14, 13, 1, 13),
  (14, 14, 21, 18),
  (14, 15, 24, 26),
  (14, 16, 20, 16),
  (15, 1, 23, 18),
  (15, 2, 16, 6),
  (15, 3, 20, 4),
  (15, 4, 10, 12),
  (15, 5, 21, 14),
  (15, 6, 7, 2),
  (15, 7, 18, 6),
  (15, 8, 12, 4),
  (15, 9, 14, 2),
  (15, 10, 4, 6),
  (15, 11, 4, 2),
  (15, 12, 2, 6),
  (16, 1, 17, 13),
  (16, 2, 6, 21),
  (16, 3, 25, 3),
  (16, 4, 16, 7),
  (16, 5, 22, 8),
  (16, 6, 4, 10),
  (16, 7, 9, 5),
  (16, 8, 20, 14),
  (16, 9, 24, 19),
  (16, 10, 12, 18),
  (16, 11, 9, 26),
  (16, 12, 16, 6),
  (16, 13, 11, 5),
  (16, 14, 23, 4),
  (18, 1, 11, 1),
  (18, 2, 20, 10),
  (18, 3, 24, 19),
  (18, 4, 21, 18),
  (18, 5, 17, 25),
  (18, 6, 23, 4),
  (18, 7, 9, 26),
  (18, 8, 16, 2),
  (18, 9, 17, 22),
  (18, 10, 14, 6),
  (18, 11, 13, 3),
  (18, 12, 20, 21),
  (18, 13, 25, 8),
  (18, 14, 4, 12),
  (18, 15, 9, 5),
  (20, 1, 25, 3),
  (20, 2, 16, 18),
  (20, 3, 22, 17),
  (20, 4, 21, 20),
  (20, 5, 19, 24),
  (20, 6, 12, 4),
  (20, 7, 9, 8),
  (20, 8, 23, 7),
  (20, 9, 19, 13),
  (20, 10, 14, 6),
  (20, 11, 1, 11),
  (20, 12, 21, 4),
  (20, 13, 9, 26),
  (21, 1, 24, 26),
  (21, 2, 20, 21),
  (21, 3, 17, 11),
  (21, 4, 6, 16),
  (21, 5, 9, 8),
  (21, 6, 12, 7),
  (21, 7, 19, 25),
  (21, 8, 23, 18),
  (21, 9, 19, 22),
  (21, 10, 23, 2),
  (21, 11, 13, 1),
  (21, 12, 18, 14),
  (21, 13, 24, 3),
  (21, 14, 20, 10),
  (21, 15, 9, 5),
  (21, 16, 12, 4),
  (21, 17, 19, 24),
  (21, 18, 20, 12),
  (21, 19, 9, 17),
  (22, 1, 17, 25),
  (22, 2, 4, 12),
  (22, 3, 24, 26),
  (22, 4, 23, 2),
  (22, 5, 19, 13),
  (22, 6, 18, 10),
  (22, 7, 9, 1),
  (22, 8, 20, 16),
  (22, 9, 24, 5),
  (22, 10, 23, 6),
  (22, 11, 3, 11),
  (22, 12, 7, 10),
  (22, 13, 8, 22),
  (22, 14, 18, 16),
  (22, 15, 9, 17),
  (22, 16, 20, 14),
  (23, 1, 19, 24),
  (23, 2, 23, 4),
  (23, 3, 22, 5),
  (23, 4, 10, 6),
  (23, 5, 9, 17),
  (23, 6, 20, 12),
  (23, 7, 1, 13),
  (23, 8, 18, 16),
  (23, 9, 25, 3),
  (23, 10, 4, 14),
  (23, 11, 19, 11),
  (23, 12, 16, 2),
  (23, 13, 9, 26),
  (23, 14, 18, 10),
  (23, 15, 24, 8),
  (23, 16, 12, 7),
  (23, 17, 26, 24),
  (23, 18, 18, 16),
  (23, 19, 19, 25),
  (24, 1, 17, 22),
  (24, 2, 23, 20),
  (24, 3, 24, 19),
  (24, 4, 16, 18),
  (25, 1, 10, 14),
  (25, 2, 10, 14),
  (25, 3, 14, 10),
  (25, 4, 14, 10),
  (25, 5, 14, 10),
  (25, 6, 2, 6),
  (25, 7, 6, 2),
  (25, 8, 6, 2),
  (25, 9, 6, 2),
  (25, 10, 2, 10),
  (25, 11, 2, 10),
  (25, 12, 2, 10),
  (25, 13, 10, 2),
  (25, 14, 2, 10),
  (25, 15, 2, 10),
  (28, 1, 11, 19),
  (28, 2, 24, 13),
  (28, 3, 22, 5),
  (28, 4, 25, 3),
  (28, 5, 26, 8),
  (28, 6, 9, 17),
  (28, 7, 17, 1),
  (28, 8, 19, 13),
  (28, 9, 5, 3),
  (28, 10, 8, 1),
  (28, 11, 1, 3),
  (28, 12, 13, 1),
  (28, 13, 13, 3),
  (26, 1, 17, 24),
  (26, 2, 18, 23),
  (26, 3, 26, 22),
  (26, 4, 12, 20),
  (26, 5, 24, 19),
  (26, 6, 18, 12),
  (26, 7, 17, 25),
  (29, 1, 11, 5),
  (29, 2, 6, 16),
  (29, 3, 8, 9),
  (29, 4, 7, 27),
  (29, 5, 24, 1),
  (29, 6, 20, 23),
  (29, 7, 17, 25),
  (29, 8, 12, 2),
  (29, 9, 26, 22),
  (29, 10, 23, 18),
  (29, 11, 13, 19),
  (29, 12, 4, 14),
  (29, 13, 24, 17),
  (29, 14, 20, 23),
  (31, 1, 17, 9),
  (31, 2, 12, 18),
  (31, 3, 25, 3),
  (31, 4, 20, 14),
  (31, 5, 5, 13),
  (31, 6, 27, 2),
  (31, 7, 24, 26),
  (31, 8, 16, 6),
  (31, 9, 19, 22),
  (31, 10, 7, 12),
  (31, 11, 1, 11),
  (31, 12, 4, 23),
  (31, 13, 1, 22);
